<?xml version="1.0" encoding="UTF-8"?>
<!--
  #%L
  GwtMaterial
  %%
  Copyright (C) 2015 - 2016 GwtMaterialDesign
  %%
  Licensed under the Apache License, Version 2.0 (the "License");
  you may not use this file except in compliance with the License.
  You may obtain a copy of the License at
  
       http://www.apache.org/licenses/LICENSE-2.0
  
  Unless required by applicable law or agreed to in writing, software
  distributed under the License is distributed on an "AS IS" BASIS,
  WITHOUT WARRANTIES OR CONDITIONS OF ANY KIND, either express or implied.
  See the License for the specific language governing permissions and
  limitations under the License.
  #L%
  -->

<!DOCTYPE module PUBLIC "-//Google Inc.//DTD Google Web Toolkit 2.7.0//EN"
        "http://gwtproject.org/doctype/2.7.0/gwt-module.dtd">
<module rename-to='GwtMaterialBasic'>
    <inherits name='com.google.gwt.user.User'/>
    <inherits name="com.gwtplatform.mvp.MvpWithEntryPoint"/>

    <extend-configuration-property name="gin.ginjector.modules"
                                   value="com.gwtmaterial.tutorial.client.gin.ClientModule"/>

    <!-- Specify the paths for translatable code                    -->
    <source path='client'/>
    <source path='shared'/>

    <!--GWT Material-->
    <inherits name="gwt.material.design.GwtMaterialBasicWithJQueryDebug"/>
    <inherits name="gwt.material.design.themes.GwtMaterialThemeBlue"/>
    <inherits name="gwt.material.design.addins.GWTMaterialAddins"/>

    <set-configuration-property name="CssResource.enableGss" value="true"/>
</module>
